method,dataset,split,MMD_score,discriminative_score,distance_to_closest,distance_to_closest_base,kl_mean_train,kl_mean_test,n_syn_samples,n_genes
NoisyDiffusion/CAMDA25_winner,TCGA-BRCA,1,0.006923,0.549801,23.8724,23.4845,0.16633,0.235414,871,978
PrivatePGM_eps10/CAMDA25_winner,TCGA-BRCA,5,0.007529,0.758763,27.1327,23.9529,17.679313,18.416465,872,978
CVAE/CAMDA25_baseline,TCGA-BRCA,1,0.017471,0.688889,17.1375,23.4845,0.42466,0.486309,871,978
MVN_noise07/CAMDA25_baseline,TCGA-BRCA,1,0.028789,0.53909,29.9961,23.4845,0.148083,0.212447,871,978
private_pgm/eps100_k8_PQRS_978_0_0_0,TCGA-BRCA,1,0.061517,1.0,36.543,23.4845,14.0943,15.577392,871,978
private_pgm/eps100_k8_PQRS_978_70_20_5,TCGA-BRCA,1,0.063649,0.998985,36.7403,23.4845,14.059834,15.547537,871,978
private_pgm/eps7_k8_PQRS_978_0_0_0,TCGA-BRCA,1,0.088894,1.0,37.8247,23.4845,14.104887,15.583959,871,978
private_pgm/eps7_k8_PQRS_978_20_10_3,TCGA-BRCA,1,0.076672,1.0,37.7294,23.4845,14.057734,15.545106,871,978
NoisyDiffusion/CAMDA25_winner,TCGA-COMBINED,4,0.004568,0.691783,23.2574,23.1278,0.051997,0.070572,3459,978
PrivatePGM_eps10/CAMDA25_winner,TCGA-COMBINED,4,0.005574,0.598047,29.1413,23.1278,16.978231,17.654724,3459,978
CVAE/CAMDA25_baseline,TCGA-COMBINED,1,0.026362,0.77339,16.369,23.4751,0.350041,0.404415,3458,978
MVN_noise07/CAMDA25_baseline,TCGA-COMBINED,1,0.016054,0.560257,30.3714,23.4751,0.066634,0.078592,3458,978
